batch_size,half_window,num_variants,num_batches,total_tokens,total_runtime_sec,throughput_variants_sec,throughput_batches_sec,throughput_tokens_sec
1,256,20,20,20520,0.07708459999412298,259.4551959992634,259.4551959992634,266201.0310952443
4,256,20,5,20520,0.07885439996607602,253.63201049788228,63.40800262447057,260226.4427708272
